k,P[u<k],G(k)
-3.99,3.3036647629402356e-05,3.9900074687524247
-3.98,3.4457634115052966e-05,3.980007806176647
-3.97,3.593631590285376e-05,3.9700081580974165
-3.96,3.7474881691073315e-05,3.960008525102569
-3.95,3.9075596597787456e-05,3.9500089078022054
-3.94,4.0740804558550594e-05,3.9400093068294693
-3.93,4.247293078876114e-05,3.930009722841348
-3.92,4.427448431207063e-05,3.9200101565194996
-3.91,4.614806055620875e-05,3.9100106085711
-3.90,4.8096344017602614e-05,3.9000110797297247
-3.89,5.012211099618835e-05,3.890011570756248
-3.88,5.222823240182007e-05,3.880012082439782
-3.87,5.4417676633699595e-05,3.870012615598628
-3.86,5.669351253425653e-05,3.8600131710812753
-3.85,5.9058912418922374e-05,3.8500137497674127
-3.84,6.151715518325501e-05,3.840014352568988
-3.83,6.407162948887441e-05,3.8300149804312764
-3.82,6.67258370296845e-05,3.820015634334008
-3.81,6.948339587986502e-05,3.8100163152925077
-3.80,7.234804392511979e-05,3.8000170243588762
-3.79,7.532364237868319e-05,3.790017762623207
-3.78,7.841417938358485e-05,3.780018531214838
-3.77,8.162377370268604e-05,3.7700193313036374
-3.76,8.495667849799767e-05,3.7600201641013316
-3.75,8.841728520080377e-05,3.750021030862864
-3.74,9.201012747410539e-05,3.740021932887805
-3.73,9.57398852689142e-05,3.7300228715217827
-3.72,9.961138897591648e-05,3.720023848157979
-3.71,0.00010362962367403115,3.7100248642386475
-3.70,0.00010779973347738823,3.7000259212566844
-3.69,0.0001121270259822469,3.690027020757241
-3.68,0.00011661697681536813,3.680028164339379
-3.67,0.00012127523428535768,3.67002935365778
-3.66,0.00012610762413848634,3.660030590424486
-3.65,0.00013112015442048433,3.6500318764107096
-3.64,0.00013631902044580163,3.6400332134486724
-3.63,0.00014171060987581868,3.6300346034335083
-3.62,0.00014730150790747234,3.6200360483252094
-3.61,0.0001530985025737548,3.6100375501506323
-3.60,0.00015910859015753364,3.6000391110055467
-3.59,0.0001653389807201092,3.5900407330567536
-3.58,0.0001717971037459305,3.5800424185442443
-3.57,0.0001784906139048469,3.5700441697834266
-3.56,0.0001854273969332777,3.5600459891674054
-3.55,0.00019261557563563279,3.5500478791693237
-3.54,0.0002000635160073201,3.5400498423447626
-3.53,0.000207779833480621,3.530051881334206
-3.52,0.00021577339929471735,3.5200539988655644
-3.51,0.00022405334699109253,3.510056197756769
-3.50,0.00023262907903552502,3.500058480918421
-3.49,0.00024151027356783604,3.490060851356526
-3.48,0.0002507068912805372,3.4800633121752718
-3.47,0.0002602291824274667,3.4700658665798967
-3.46,0.0002700876939634741,3.4600685178796207
-3.45,0.00028029327681617744,3.4500712694906457
-3.44,0.0002908570932907428,3.4400741249392337
-3.43,0.0003017906246086367,3.430077087864858
-3.42,0.00031310567858119963,3.4200801620234307
-3.41,0.00032481439741887747,3.410083351290608
-3.40,0.0003369292656768799,3.400086659665172
-3.39,0.0003494631183379709,3.3900900912724965
-3.38,0.0003624291490330427,3.380093650368091
-3.37,0.0003758409184000827,3.3700973413412307
-3.36,0.0003897123625820309,3.3601011687186664
-3.35,0.0004040578018640207,3.3501051371684225
-3.34,0.0004188919494503691,3.3401092515036863
-3.33,0.0004342299203816554,3.330113516686777
-3.32,0.00045008724059211654,3.3201179378332113
-3.31,0.0004664798561075491,3.3101225202158586
-3.30,0.00048342414238377663,3.3001272692691876
-3.29,0.0005009369137857222,3.290132190593607
-3.28,0.0005190354332069723,3.2801372899599057
-3.27,0.0005377374218296939,3.2701425733137834
-3.26,0.0005570610690246214,3.260148046780484
-3.25,0.0005770250423907659,3.2501537166695296
-3.24,0.0005976484979344157,3.2401595894795503
-3.23,0.0006189510903868344,3.230165671903222
-3.22,0.0006409529836600545,3.2201719708323036
-3.21,0.0006636748614399672,3.2101784933627844
-3.20,0.0006871379379158471,3.2001852468001344
-3.19,0.0007113639686453621,3.1901922386646624
-3.18,0.0007363752615539298,3.1801994766969854
-3.17,0.0007621946880672346,3.170206968863608
-3.16,0.0007888456943755722,3.160214723362614
-3.15,0.0008163523128285604,3.15022274862947
-3.14,0.0008447391734586265,3.1402310533429434
-3.13,0.000874031515631565,3.1302396464311415
-3.12,0.0009042551998223395,3.1202485370776594
-3.11,0.0009354367195140976,3.1102577347278513
-3.10,0.0009676032132183563,3.100267249095223
-3.09,0.0010007824766140087,3.09027709016794
-3.08,0.0010350029748028417,3.0802872682154625
-3.07,0.0010702938546789226,3.0702977937952984
-3.06,0.001106684957409247,3.0603086777598865
-3.05,0.0011442068310226977,3.050319931263603
-3.04,0.0011828907431044046,3.0403315657698875
-3.03,0.0012227686935922595,3.03034359305851
-3.02,0.0012638734276722973,3.020356025232954
-3.01,0.0013062384487694653,3.0103688747279347
-3.00,0.0013498980316300933,3.0003821543170477
-2.99,0.0013948872354922468,2.9903958771205486
-2.98,0.0014412419173400108,2.980410056613261
-2.97,0.0014889987452374632,2.970424706632624
-2.96,0.0015381952117380577,2.9604398413868678
-2.95,0.0015888696473648667,2.950455475463328
-2.94,0.0016410612341569934,2.9404716238368898
-2.93,0.0016948100192772598,2.930488301878574
-2.92,0.0017501569286760992,2.920505525364257
-2.91,0.0018071437808064273,2.910523310483523
-2.90,0.0018658133003840339,2.9005416738486627
-2.89,0.0019262091321878587,2.8905606325038007
-2.88,0.0019883758548943256,2.88058020393417
-2.87,0.0020523589949397536,2.8706004060755164
-2.86,0.0021182050404046173,2.8606212573236456
-2.85,0.0021859614549132405,2.8506427765441114
-2.84,0.0022556766915423202,2.8406649830820387
-2.83,0.0023274002067315515,2.830687896772091
-2.82,0.0024011824741892477,2.8207115379485668
-2.81,0.0024770749987858567,2.8107359274556494
-2.80,0.002555130330427929,2.800761086657782
-2.79,0.0026354020779049527,2.7907870374501917
-2.78,0.002717944922701255,2.780813802269544
-2.77,0.0028028146327650225,2.770841404104741
-2.76,0.0028900680762261443,2.7608698665078535
-2.75,0.002979763235054555,2.750899213605191
-2.74,0.003071959218650488,2.7409294701085103
-2.73,0.003166716277357788,2.7309606613263533
-2.72,0.003264095815891309,2.720992813175527
-2.71,0.0033641604066691933,2.7110259521927134
-2.70,0.0034669738030406647,2.701060105546213
-2.69,0.0035726009523997324,2.691095301047817
-2.68,0.00368110800917498,2.6811315671648166
-2.67,0.0037925623476854887,2.6711689330321358
-2.66,0.003907032574852774,2.661207428464594
-2.65,0.004024588542758303,2.651247083969296
-2.64,0.004145301361036037,2.6412879307581427
-2.63,0.004269243409089351,2.631330000760473
-2.62,0.004396488348121309,2.6213733266358172
-2.61,0.004527111132967318,2.611417941786777
-2.60,0.004661188023718747,2.601463880372017
-2.59,0.004798796597126178,2.5915111773193784
-2.58,0.004940015757770645,2.581559868339101
-2.57,0.005084925748991031,2.571609989937153
-2.56,0.00523360816355578,2.5616615794286752
-2.55,0.005386145954066684,2.5517146749515254
-2.54,0.005542623443082601,2.541769315479931
-2.53,0.005703126332950689,2.5318255408382355
-2.52,0.005867741715332557,2.5218833917147436
-2.51,0.006036558080412654,2.5119429096756614
-2.50,0.006209665325776132,2.5020041371791284
-2.49,0.006387154764943171,2.492067117589331
-2.48,0.006569119135546751,2.4821318951907063
-2.47,0.006755652607140648,2.4721985152022192
-2.46,0.006946850788624312,2.462267023791721
-2.45,0.007142810735271415,2.4523374680903807
-2.44,0.0073436309553483355,2.442409896207176
-2.43,0.007549411416309199,2.432484357243461
-2.42,0.0077602535505536425,2.4225609013075826
-2.41,0.007976260260733725,2.412639579529561
-2.40,0.008197535924596114,2.4027204440758125
-2.39,0.008424186399345685,2.3928035481639243
-2.38,0.008656319025516543,2.382888946077472
-2.37,0.008894042630336772,2.372976693180865
-2.36,0.00913746753057266,2.3630668459342314
-2.35,0.009386705534838566,2.353159461908324
-2.34,0.00964186994535833,2.343254599799449
-2.33,0.009903075559164245,2.3333523194444092
-2.32,0.010170438668719667,2.323452681835452
-2.31,0.01044407706195107,2.3135557491352303
-2.30,0.010724110021675795,2.303661584691747
-2.29,0.011010658324411388,2.2937702530533075
-2.28,0.01130384423855278,2.2838818199834408
-2.27,0.011603791521903512,2.273996352475811
-2.26,0.011910625418547052,2.2641139187690924
-2.25,0.012224472655044696,2.254234588361817
-2.24,0.012545461435946563,2.2443584320271777
-2.23,0.012873721438602007,2.234485521827779
-2.22,0.01320938380725627,2.2246159311303404
-2.21,0.013552581146419983,2.2147497346203306
-2.20,0.013903447513498595,2.204887008316535
-2.19,0.014262118410668849,2.195027829585542
-2.18,0.014628730775989246,2.18517227715615
-2.17,0.015003422973732207,2.1753204311336782
-2.16,0.015386334783925445,2.1654723730141767
-2.15,0.015777607391090485,2.1556281856985264
-2.14,0.01617738337216608,2.145787953506425
-2.13,0.01658580668360501,2.1359517621902517
-2.12,0.017003022647632787,2.126119698948789
-2.11,0.01742917793765706,2.1162918524408094
-2.10,0.017864420562816542,2.1064683127985124
-2.09,0.01830889985165897,2.0966491716408
-2.08,0.01876276643493775,2.086834522086384
-2.07,0.01922617222751726,2.0770244587667226
-2.06,0.019699270409376867,2.067219077838761
-2.05,0.020182215405704383,2.057418476997489
-2.04,0.020675162866070042,2.047622755488288
-2.03,0.02117826964267226,2.0378320141190667
-2.02,0.02169169376764676,2.0280463552721746
-2.01,0.022215594429431457,2.0182658829160833
-2.00,0.022750131948179195,2.0084907026168297
-1.99,0.023295467750211803,1.9987209215492043
-1.98,0.023851764341508513,1.9889566485076813
-1.97,0.024419185280222525,1.9791979939170787
-1.96,0.024997895148220435,1.9694450698429393
-1.95,0.02558805952163861,1.959697990001621
-1.94,0.02618984494045265,1.949956869770087
-1.93,0.02680341887705495,1.9402218261953892
-1.92,0.027428949703836795,1.9304929780038322
-1.91,0.028066606659772484,1.920770445609804
-1.90,0.028716559816001783,1.9110543511242737
-1.89,0.029378980040409418,1.9013448183629333
-1.88,0.03005403896119975,1.8916419728539893
-1.87,0.030741908929465954,1.881945941845573
-1.86,0.03144276298075267,1.8722568543127835
-1.85,0.03215677479561371,1.8625748409643326
-1.84,0.032884118659163866,1.8529000342487958
-1.83,0.0336249694196283,1.8432325683604478
-1.82,0.03437950244588998,1.833572579244688
-1.81,0.03514789358403879,1.8239202046030238
-1.80,0.03593031911292576,1.8142755838976279
-1.79,0.03672695569872628,1.8046388583554342
-1.78,0.03753798034851676,1.7950101709717834
-1.77,0.03836357036287122,1.7853896665135927
-1.76,0.039203903287482626,1.775777491522053
-1.75,0.040059156863817086,1.7661737943148317
-1.74,0.040929508978807344,1.7565787249877811
-1.73,0.04181513761359493,1.746992435416136
-1.72,0.04271622079132892,1.737415079255197
-1.71,0.0436329365240319,1.7278468119404862
-1.70,0.044565462758543006,1.718287790687364
-1.69,0.045513977321549805,1.7087381744901047
-1.68,0.04647865786372002,1.6991981241204182
-1.67,0.04745968180294726,1.6896678021254021
-1.66,0.04845722626672279,1.680147372824931
-1.65,0.049471468033648054,1.670637002308459
-1.64,0.05050258347410371,1.6611368584312343
-1.63,0.05155074849008931,1.6516471108099182
-1.62,0.05261613845425206,1.6421679308175956
-1.61,0.05369892814811966,1.632699491578175
-1.60,0.054799291699557974,1.6232419679601628
-1.59,0.055917402519469424,1.6137955365698142
-1.58,0.057053433237754185,1.6043603757436409
-1.57,0.05820755563855298,1.5949366655402792
-1.56,0.05937994059479304,1.585524587731705
-1.55,0.06057075800205899,1.5761243257937945
-1.54,0.061780176711811886,1.5667360648962116
-1.53,0.06300836446397841,1.5573599918916363
-1.52,0.06425548781893582,1.5479962953043056
-1.51,0.0655217120889165,1.538645165317878
-1.50,0.06680720126885807,1.5293067937626048
-1.49,0.06811211796672541,1.5199813741018104
-1.48,0.06943662333333173,1.5106691014176714
-1.47,0.0707808769916855,1.5013701723962936
-1.46,0.07214503696589378,1.4920847853120767
-1.45,0.0735292596096483,1.4828131400113702
-1.44,0.07493369953432708,1.4735554378954077
-1.43,0.07635850953673907,1.4643118819025256
-1.42,0.07780384052654632,1.455082676489652
-1.41,0.07926984145339239,1.4458680276130726
-1.40,0.08075665923377101,1.4366681427084658
-1.39,0.08226443867766897,1.4274832306702019
-1.38,0.08379332241501425,1.4183135018299142
-1.37,0.08534345082196698,1.409159167934326
-1.36,0.08691496194708503,1.4000204421223477
-1.35,0.08850799143740196,1.3908975389014269
-1.34,0.09012267246445238,1.3817906741231682
-1.33,0.09175913565028077,1.3727000649582035
-1.32,0.09341750899347179,1.3636259298703313
-1.31,0.09509791779523902,1.3545684885899092
-1.30,0.09680048458561019,1.3455279620865144
-1.29,0.09852532904974787,1.3365045725408582
-1.28,0.100272567954442,1.3274985433159767
-1.27,0.10204231507481915,1.3185100989276735
-1.26,0.1038346811213004,1.309539465014242
-1.25,0.10564977366685535,1.3005868683054527
-1.24,0.10748769707458689,1.2916525365908178
-1.23,0.10934855242569191,1.2827366986871287
-1.22,0.11123243744783462,1.273839584405282
-1.21,0.11313944644397739,1.2649614245163867
-1.20,0.11506967022170828,1.2561024507171632
-1.19,0.11702319602310873,1.247262895594637
-1.18,0.11900010745520073,1.2384429925901392
-1.17,0.12100048442101807,1.2296429759626064
-1.16,0.12302440305134338,1.2208630807512013
-1.15,0.1250719356371502,1.2121035427372522
-1.14,0.12714315056279818,1.2033645984055186
-1.13,0.12923811224001774,1.1946464849047955
-1.12,0.1313568810427307,1.1859494400078596
-1.11,0.13349951324274717,1.1772737020707704
-1.10,0.13566606094638267,1.1686195099915295
-1.09,0.13785657203203544,1.1599871031681148
-1.08,0.140071090088769,1.1513767214558908
-1.07,0.14230965435593923,1.142788605124415
-1.06,0.1445722996639096,1.1342229948136417
-1.05,0.14685905637589586,1.1256801314895426
-1.04,0.1491699503309814,1.1171602563991456
-1.03,0.15150500278834367,1.108663611025018
-1.02,0.15386423037273478,1.1001904370391902
-1.01,0.1562476450212545,1.0917409762565466
-1.00,0.15865525393145707,1.0833154705876864
-0.99,0.1610870595108309,1.074914161991277
-0.98,0.16354305932769236,1.0665372924259042
-0.97,0.16602324606352953,1.0581851038014423
-0.96,0.16852760746683781,1.0498578379299528
-0.95,0.17105612630848183,1.0415557364761314
-0.94,0.1736087803386246,1.0332790409073132
-0.93,0.17618554224525784,1.0250279924430592
-0.92,0.17878637961437172,1.0168028320043312
-0.91,0.1814112548917972,1.0086038001622828
-0.90,0.18406012534675936,1.0004311370866716
-0.89,0.18673294303717258,0.9922850824939189
-0.88,0.1894296547767121,0.9841658755948317
-0.87,0.19215020210369615,0.9760737550420007
-0.86,0.19489452125180823,0.9680089588769017
-0.85,0.19766254312269238,0.959971724476708
-0.84,0.20045419326044955,0.9519622885008432
-0.83,0.2032693918280684,0.9439808868372835
-0.82,0.20610805358581297,0.9360277545486408
-0.81,0.2089700878716016,0.928103125818031
-0.80,0.21185539858339658,0.9202072338947656
-0.79,0.21476388416363712,0.912340311039868
-0.78,0.217695437585733,0.9045025884714537
-0.77,0.22064994634264962,0.8966942963099754
-0.76,0.22362729243759938,0.8889156635233773
-0.75,0.2266273523768682,0.8811669178721533
-0.74,0.22964999716479056,0.8734482858543553
-0.73,0.2326950923008974,0.8657599926505548
-0.72,0.23576249777925112,0.8581022620687921
-0.71,0.2388520680899867,0.8504753164895256
-0.70,0.24196365222307298,0.8428793768106102
-0.69,0.24509709367430943,0.8353146623923238
-0.68,0.24825223045357053,0.8277813910024648
-0.67,0.2514288950953102,0.8202797787615437
-0.66,0.2546269146713361,0.8128100400880908
-0.65,0.2578461108058646,0.8053723876441025
-0.64,0.26108629969286157,0.7979670322806508
-0.63,0.2643472921156774,0.7905941829836779
-0.62,0.267628893468983,0.7832540468199953
-0.61,0.2709309037830056,0.7759468288835196
-0.60,0.27425311775007355,0.7686727322417556
-0.59,0.2775953247534648,0.7614319578825621
-0.58,0.2809573088985643,0.7542247046612133
-0.57,0.28433884904632406,0.7470511692477876
-0.56,0.28773971884902705,0.7399115460748975
-0.55,0.29115968678834625,0.7328060272857937
-0.54,0.294598516215698,0.7257348026828565
-0.53,0.29805596539487633,0.7186980596765074
-0.52,0.3015317875469662,0.7116959832345522
-0.51,0.30502573089751933,0.704728755831991
-0.50,0.3085375387259869,0.6977965574013061
-0.49,0.31206694941739044,0.6908995652832586
-0.48,0.31561369651622256,0.6840379541782102
-0.47,0.3191775087825558,0.6772118960979997
-0.46,0.32275811025034773,0.6704215603183847
-0.45,0.32635522028791997,0.6636671133320841
-0.44,0.32996855366059363,0.656948718802431
-0.43,0.3335978205954576,0.6502665375176668
-0.42,0.3372427268482495,0.643620727345889
-0.41,0.34090297377232254,0.6370114431906839
-0.40,0.3445782583896757,0.6304388369474532
-0.39,0.34826827346401756,0.6239030574604656
-0.38,0.3519727075758371,0.6174042504806481
-0.37,0.3556912451994532,0.6109425586241358
-0.36,0.3594235667820086,0.6045181213316055
-0.35,0.3631693488243809,0.5981310748284047
-0.34,0.3669282639639718,0.5917815520855036
-0.33,0.37069998105934643,0.5854696827812804
-0.32,0.3744841652766798,0.5791955932641644
-0.31,0.3782804781779807,0.572959406516151
-0.30,0.38208857781104727,0.5667612421172101
-0.29,0.38590811880112263,0.5606012162105984
-0.28,0.3897387524442027,0.5544794414691019
-0.27,0.3935801268019605,0.5483960270622135
-0.26,0.3974318867982394,0.542351078624274
-0.25,0.4012936743170763,0.5363446982235802
-0.24,0.4051651283022041,0.5303769843324853
-0.23,0.40904588485799415,0.5244480317984972
-0.22,0.4129355773517853,0.5185579318163978
-0.21,0.41683383651755773,0.5127067719013872
-0.20,0.4207402905608969,0.5068946358632767
-0.19,0.42465456526520456,0.5011216037817322
-0.18,0.4285762840990992,0.4953877519825911
-0.17,0.4325050683249616,0.4896931530152537
-0.16,0.4364405371085671,0.4840378756311702
-0.15,0.44038230762975733,0.4784219847634255
-0.14,0.44432999519409355,0.47284554150743824
-0.13,0.44828321334543875,0.46730860310278055
-0.12,0.4522415739794161,0.4618112229161262
-0.11,0.45620468745768306,0.45635345042534087
-0.10,0.46017216272297096,0.45093533120471474
-0.09,0.46414360741482774,0.445556906911354
-0.08,0.4681186279860126,0.4402182152727279
-0.07,0.47209682981947876,0.43491929007538765
-0.06,0.4760778173458931,0.4296601611548534
-0.05,0.4800611941616274,0.42444085438668283
-0.04,0.4840465631471692,0.4192613916787183
-0.03,0.4880335265858873,0.4141217909645233
-0.02,0.492021686283098,0.4090220661980042
-0.01,0.4960106436853683,0.4039622273492286
0.00,0.5,0.3989422804014327
0.01,0.5039893563146315,0.3939622273492286
0.02,0.5079783137169018,0.3890220661980044
0.03,0.5119664734141127,0.38412179096452304
0.04,0.5159534368528308,0.37926139167871825
0.05,0.5199388058383724,0.37444085438668273
0.06,0.5239221826541067,0.36966016115485356
0.07,0.5279031701805212,0.36491929007538737
0.08,0.5318813720139874,0.36021821527272785
0.09,0.535856392585172,0.3555569069113539
0.10,0.5398278372770289,0.3509353312047149
0.11,0.5437953125423166,0.34635345042534094
0.12,0.5477584260205839,0.3418112229161261
0.13,0.5517167866545611,0.3373086031027804
0.14,0.5556700048059063,0.33284554150743834
0.15,0.5596176923702423,0.32842198476342555
0.16,0.5635594628914329,0.32403787563117004
0.17,0.5674949316750384,0.31969315301525375
0.18,0.5714237159009006,0.31538775198259117
0.19,0.5753454347347953,0.3111216037817325
0.20,0.5792597094391031,0.3068946358632764
0.21,0.5831661634824423,0.30270677190138723
0.22,0.5870644226482145,0.2985579318163978
0.23,0.5909541151420057,0.29444803179849743
0.24,0.5948348716977959,0.29037698433248504
0.25,0.5987063256829237,0.2863446982235802
0.26,0.6025681132017604,0.2823510786242739
0.27,0.6064198731980394,0.27839602706221367
0.28,0.6102612475557974,0.2744794414691017
0.29,0.6140918811988774,0.27060121621059846
0.30,0.6179114221889526,0.26676124211721
0.31,0.6217195218220192,0.2629594065161511
0.32,0.6255158347233202,0.259195593264164
0.33,0.6293000189406536,0.2554696827812803
0.34,0.6330717360360281,0.25178155208550357
0.35,0.636830651175619,0.24813107482840474
0.36,0.6405764332179914,0.24451812133160516
0.37,0.6443087548005468,0.24094255862413572
0.38,0.6480272924241628,0.23740425048064798
0.39,0.6517317265359823,0.23390305746046564
0.40,0.655421741610324,0.2304388369474532
0.41,0.6590970262276774,0.2270114431906838
0.42,0.6627572731517505,0.22362072734588911
0.43,0.6664021794045423,0.22026653751766676
0.44,0.6700314463394061,0.2169487188024312
0.45,0.67364477971208,0.2136671133320839
0.46,0.6772418897496523,0.2104215603183847
0.47,0.6808224912174441,0.20721189609799973
0.48,0.6843863034837773,0.20403795417821044
0.49,0.6879330505826096,0.2008995652832583
0.50,0.6914624612740131,0.19779655740130608
0.51,0.6949742691024805,0.194728755831991
0.52,0.6984682124530337,0.19169598323455223
0.53,0.7019440346051237,0.18869805967650707
0.54,0.705401483784302,0.18573480268285647
0.55,0.7088403132116536,0.1828060272857935
0.56,0.7122602811509728,0.17991154607489757
0.57,0.7156611509536759,0.1770511692477873
0.58,0.7190426911014357,0.17422470466121323
0.59,0.7224046752465351,0.17143195788256188
0.60,0.7257468822499263,0.16867273224175564
0.61,0.7290690962169943,0.16594682888351936
0.62,0.732371106531017,0.1632540468199953
0.63,0.7356527078843225,0.1605941829836777
0.64,0.7389137003071383,0.15796703228065084
0.65,0.742153889194135,0.15537238764410236
0.66,0.745373085328664,0.15281004008809065
0.67,0.7485711049046898,0.15027977876154378
0.68,0.7517477695464294,0.14778139100246496
0.69,0.7549029063256905,0.14531466239232393
0.70,0.758036347776927,0.14287937681061005
0.71,0.7611479319100133,0.14047531648952558
0.72,0.7642375022207488,0.13810226206879223
0.73,0.7673049076991024,0.13575999265055486
0.74,0.7703500028352095,0.13344828585435506
0.75,0.7733726476231317,0.13116691787215323
0.76,0.7763727075624005,0.1289156635233773
0.77,0.7793500536573502,0.12669429630997558
0.78,0.782304562414267,0.12450258847145337
0.79,0.7852361158363629,0.12234031103986809
0.80,0.7881446014166033,0.12020723389476548
0.81,0.7910299121283983,0.1181031258180312
0.82,0.793891946414187,0.11602775454864048
0.83,0.7967306081719316,0.1139808868372835
0.84,0.7995458067395502,0.11196228850084283
0.85,0.8023374568773076,0.10997172447670814
0.86,0.8051054787481917,0.10800895887690143
0.87,0.8078497978963038,0.10607375504200056
0.88,0.8105703452232879,0.10416587559483137
0.89,0.8132670569628273,0.10228508249391882
0.90,0.8159398746532404,0.1004311370866714
0.91,0.8185887451082028,0.09860380016228265
0.92,0.8212136203856283,0.09680283200433118
0.93,0.8238144577547419,0.09502799244305896
0.94,0.8263912196613754,0.09327904090731348
0.95,0.8289438736915182,0.09155573647613127
0.96,0.8314723925331622,0.08985783792995283
0.97,0.8339767539364703,0.08818510380144223
0.98,0.8364569406723076,0.08653729242590433
0.99,0.8389129404891691,0.08491416199127691
1.00,0.8413447460685429,0.08331547058768629
1.01,0.8437523549787453,0.08174097625654625
1.02,0.846135769627265,0.08019043703919007
1.03,0.8484949972116563,0.07866361102501776
1.04,0.8508300496690187,0.07716025639914559
1.05,0.853140943624104,0.07568013148954231
1.06,0.8554277003360904,0.07422299481364186
1.07,0.8576903456440608,0.07278860512441457
1.08,0.859928909911231,0.07137672145589069
1.09,0.8621434279679645,0.06998710316811468
1.10,0.8643339390536173,0.06861950999152974
1.11,0.8665004867572528,0.06727370207077019
1.12,0.8686431189572693,0.06594944000785946
1.13,0.8707618877599821,0.0646464849047951
1.14,0.8728568494372017,0.06336459840551836
1.15,0.8749280643628496,0.062103542737252077
1.16,0.8769755969486566,0.060863080751201004
1.17,0.8789995155789818,0.05964297596260612
1.18,0.8809998925447993,0.05844299259013913
1.19,0.8829768039768912,0.05726289559463718
1.20,0.8849303297782918,0.05610245071716305
1.21,0.8868605535560226,0.05496142451638669
1.22,0.8887675625521653,0.05383958440528194
1.23,0.890651447574308,0.052736698687128575
1.24,0.8925123029254132,0.05165253659081756
1.25,0.8943502263331446,0.050586868305452726
1.26,0.8961653188786995,0.049539465014241835
1.27,0.8979576849251807,0.04851009892767322
1.28,0.8997274320455579,0.047498543315976444
1.29,0.9014746709502521,0.04650457254085824
1.30,0.9031995154143896,0.045527962086513885
1.31,0.9049020822047609,0.04456848858990928
1.32,0.9065824910065282,0.04362592987033097
1.33,0.9082408643497193,0.04270006495820344
1.34,0.9098773275355475,0.04179067412316785
1.35,0.9114920085625979,0.040897538901426916
1.36,0.913085038052915,0.04002044212234733
1.37,0.914656549178033,0.039159167934325986
1.38,0.9162066775849856,0.038313501829913915
1.39,0.917735561322331,0.0374832306702019
1.40,0.9192433407662288,0.036668142708465384
1.41,0.9207301585466077,0.035868027613072506
1.42,0.9221961594734536,0.03508267648965169
1.43,0.9236414904632608,0.03431188190252549
1.44,0.925066300465673,0.033555437895408005
1.45,0.9264707403903517,0.03281314001137019
1.46,0.9278549630341062,0.03208478531207683
1.47,0.9292191230083144,0.03137017239629357
1.48,0.9305633766666682,0.030669101417671416
1.49,0.9318878820332746,0.02998137410181005
1.50,0.9331927987311419,0.029306793762604616
1.51,0.9344782879110834,0.028645165317877946
1.52,0.9357445121810641,0.02799629530430575
1.53,0.9369916355360216,0.027359991891636112
1.54,0.9382198232881881,0.026736064896211442
1.55,0.939429241997941,0.026124325793794187
1.56,0.940620059405207,0.02552458773170528
1.57,0.941792444361447,0.024936665540278874
1.58,0.9429465667622459,0.02436037574364082
1.59,0.9440825974805306,0.02379553656981423
1.60,0.945200708300442,0.023241967960162868
1.61,0.9463010718518803,0.022699491578174552
1.62,0.9473838615457479,0.022167930817595452
1.63,0.9484492515099107,0.021647110809918005
1.64,0.9494974165258963,0.021136858431234126
1.65,0.9505285319663519,0.02063700230845876
1.66,0.9515427737332772,0.020147372824930745
1.67,0.9525403181970526,0.01966780212540166
1.68,0.9535213421362799,0.019198124120417825
1.69,0.9544860226784502,0.018738174490104897
1.70,0.955434537241457,0.01828779068736379
1.71,0.9563670634759681,0.017846811940486165
1.72,0.957283779208671,0.017415079255197072
1.73,0.958184862386405,0.016992435416135723
1.74,0.9590704910211927,0.01657872498778086
1.75,0.9599408431361829,0.016173794314831583
1.76,0.9607960967125173,0.015777491522052725
1.77,0.9616364296371287,0.01538966651359236
1.78,0.9624620196514833,0.015010170971782949
1.79,0.9632730443012737,0.01463885835543409
1.80,0.9640696808870742,0.014275583897627814
1.81,0.9648521064159612,0.013920204603023817
1.82,0.9656204975541101,0.013572579244687577
1.83,0.9663750305803717,0.013232568360447741
1.84,0.9671158813408361,0.012900034248795433
1.85,0.9678432252043863,0.012574840964332631
1.86,0.9685572370192473,0.01225685431278338
1.87,0.9692580910705341,0.011945941845572891
1.88,0.9699459610388002,0.01164197285398888
1.89,0.9706210199595906,0.011344818362933433
1.90,0.9712834401839981,0.011054351124273158
1.91,0.9719333933402275,0.010770445609803954
1.92,0.9725710502961632,0.010492978003831997
1.93,0.973196581122945,0.010221826195389146
1.94,0.9738101550595473,0.00995686977008655
1.95,0.9744119404783614,0.009697990001620853
1.96,0.9750021048517795,0.00944506984293933
1.97,0.9755808147197774,0.009197993917078685
1.98,0.9761482356584915,0.008956648507681304
1.99,0.9767045322497881,0.008720921549204154
2.00,0.9772498680518208,0.008490702616829646
2.01,0.9777844055705686,0.008265882916083128
2.02,0.9783083062323532,0.008046355272174108
2.03,0.9788217303573278,0.007832014119066547
2.04,0.9793248371339299,0.007622755488287822
2.05,0.9798177845942956,0.007418476997488717
2.06,0.9803007295906231,0.007219077838760642
2.07,0.9807738277724828,0.007024458766722488
2.08,0.9812372335650622,0.006834522086384284
2.09,0.981691100148341,0.006649171640799888
2.10,0.9821355794371834,0.0064683127985124544
2.11,0.9825708220623429,0.006291852440809251
2.12,0.9829969773523672,0.00611969894878886
2.13,0.983414193316395,0.005951762190251807
2.14,0.9838226166278339,0.005787953506424852
2.15,0.9842223926089095,0.0056281856985256895
2.16,0.9846136652160745,0.005472373014176565
2.17,0.9849965770262678,0.005320431133678499
2.18,0.9853712692240107,0.005172277156149943
2.19,0.9857378815893311,0.0050278295855413005
2.20,0.9860965524865014,0.0048870083165345225
2.21,0.98644741885358,0.004749734620330629
2.22,0.9867906161927437,0.004615931130340152
2.23,0.987126278561398,0.004485521827778713
2.24,0.9874545385640534,0.0043584320271770755
2.25,0.9877755273449553,0.004234588361816907
2.26,0.988089374581453,0.004113918769091968
2.27,0.9883962084780965,0.00399635247581074
2.28,0.9886961557614472,0.003881819983440872
2.29,0.9889893416755886,0.003770253053307325
2.30,0.9892758899783242,0.0036615846917467665
2.31,0.989555922938049,0.003555749135229668
2.32,0.9898295613312803,0.0034526818354520712
2.33,0.9900969244408357,0.0033523194444090125
2.34,0.9903581300546417,0.0032545997994492294
2.35,0.9906132944651614,0.003159461908323811
2.36,0.9908625324694273,0.0030668459342310245
2.37,0.9911059573696632,0.002976693180864815
2.38,0.9913436809744834,0.0028889460774719627
2.39,0.9915758136006543,0.0028035481639244395
2.40,0.9918024640754038,0.0027204440758121055
2.41,0.9920237397392663,0.0026395795295611098
2.42,0.9922397464494463,0.002560901307582946
2.43,0.9924505885836908,0.002484357243460949
2.44,0.9926563690446516,0.0024098962071757574
2.45,0.9928571892647285,0.0023374680903802472
2.46,0.9930531492113757,0.002267023791721095
2.47,0.9932443473928594,0.0021985152022188648
2.48,0.9934308808644532,0.002131895190705991
2.49,0.9936128452350568,0.0020671175893309975
2.50,0.9937903346742238,0.0020041371791281425
2.51,0.9939634419195873,0.001942909675661077
2.52,0.9941322582846674,0.0018833917147430476
2.53,0.9942968736670493,0.001825540838235296
2.54,0.9944573765569173,0.0017693154799308854
2.55,0.9946138540459333,0.00171467495152503
2.56,0.9947663918364442,0.0016615794286746755
2.57,0.994915074251009,0.001609989937153158
2.58,0.9950599842422293,0.0015598683391012877
2.59,0.9952012034028738,0.0015111773193788869
2.60,0.9953388119762813,0.0014638803720169319
2.61,0.9954728888670327,0.0014179417867766168
2.62,0.9956035116518787,0.0013733266358173894
2.63,0.9957307565909107,0.0013300007604733627
2.64,0.9958546986389639,0.0012879307581427392
2.65,0.9959754114572417,0.0012470839692955843
2.66,0.9960929674251472,0.0012074284645940906
2.67,0.9962074376523146,0.0011689330321360235
2.68,0.996318891990825,0.0011315671648166343
2.69,0.9964273990476002,0.0010953010478168667
2.70,0.9965330261969594,0.0010601055462129208
2.71,0.9966358395933308,0.001025952192713538
2.72,0.9967359041841087,0.0009928131755269042
2.73,0.9968332837226422,0.000960661326352908
2.74,0.9969280407813496,0.0009294701085100655
2.75,0.9970202367649454,0.0008992136051910252
2.76,0.9971099319237738,0.0008698665078530309
2.77,0.997197185367235,0.0008414041047406532
2.78,0.9972820550772987,0.0008138022695434732
2.79,0.9973645979220951,0.0007870374501913122
2.80,0.997444869669572,0.0007610866577816271
2.81,0.9975229250012141,0.000735927455648923
2.82,0.9975988175258107,0.000711537948566726
2.83,0.9976725997932685,0.000687896772091072
2.84,0.9977443233084576,0.0006649830820391377
2.85,0.9978140385450868,0.0006427765441112667
2.86,0.9978817949595954,0.00062125732364543
2.87,0.9979476410050603,0.000600406075516373
2.88,0.9980116241451057,0.0005802039341703188
2.89,0.9980737908678121,0.0005606325038007096
2.90,0.998134186699616,0.0005416738486621175
2.91,0.9981928562191936,0.0005233104835229213
2.92,0.9982498430713239,0.0005055253642568059
2.93,0.9983051899807227,0.0004883018785740876
2.94,0.998358938765843,0.0004716238368895308
2.95,0.9984111303526352,0.0004554754633277168
2.96,0.998461804788262,0.00043984138686779025
2.97,0.9985110012547626,0.00042470663262373677
2.98,0.99855875808266,0.0004100566132608924
2.99,0.9986051127645078,0.00039587712054848893
3.00,0.9986501019683699,0.0003821543170476971
3.01,0.9986937615512306,0.0003688747279344791
3.02,0.9987361265723277,0.00035602523295358117
3.03,0.9987772313064077,0.0003435930585098182
3.04,0.9988171092568956,0.0003315657698873928
3.05,0.9988557931689773,0.0003199312636026487
3.06,0.9988933150425907,0.00030867775988661916
3.07,0.9989297061453211,0.00029779379529801687
3.08,0.9989649970251971,0.00028726821546213926
3.09,0.9989992175233859,0.000277090167940038
3.10,0.9990323967867817,0.0002672490952231473
3.11,0.9990645632804859,0.0002577347278511408
3.12,0.9990957448001777,0.0002485370776591947
3.13,0.9991259684843684,0.00023964643114137612
3.14,0.9991552608265414,0.00023105334294337612
3.15,0.9991836476871715,0.00022274862946964962
3.16,0.9992111543056245,0.00021472336261399525
3.17,0.9992378053119327,0.00020696886360779864
3.18,0.9992636247384461,0.00019947669698512117
3.19,0.9992886360313546,0.00019223866466203544
3.20,0.9993128620620841,0.00018524680013408705
3.21,0.9993363251385601,0.00017849336278434515
3.22,0.9993590470163399,0.00017197083230311664
3.23,0.9993810489096132,0.0001656719032217418
3.24,0.9994023515020656,0.00015958947955041405
3.25,0.9994229749576092,0.00015371666952977746
3.26,0.9994429389309754,0.0001480467804840346
3.27,0.9994622625781703,0.0001425733137828966
3.28,0.999480964566793,0.00013728995990541174
3.29,0.9994990630862143,0.0001321905936068563
3.30,0.9995165758576162,0.00012726926918720243
3.31,0.9995335201438924,0.00012252021585844905
3.32,0.9995499127594079,0.0001179378332112008
3.33,0.9995657700796183,0.00011351668677673718
3.34,0.9995811080505497,0.00010925150368621046
3.35,0.999595942198136,0.00010513716842223725
3.36,0.999610287637418,0.00010116871866584082
3.37,0.9996241590816,9.734134123077273e-05
3.38,0.9996375708509669,9.365036809099586e-05
3.39,0.999650536881662,9.009127249620208e-05
3.40,0.9996630707343231,8.665966517170981e-05
3.41,0.9996751856025812,8.335129060791789e-05
3.42,0.9996868943214188,8.016202343068832e-05
3.43,0.9996982093753913,7.708786485784071e-05
3.44,0.9997091429067092,7.412493923339447e-05
3.45,0.9997197067231838,7.126949064543877e-05
3.46,0.9997299123060365,6.851787962043176e-05
3.47,0.9997397708175725,6.586657989635851e-05
3.48,0.9997492931087195,6.331217527139955e-05
3.49,0.9997584897264321,6.085135652558521e-05
3.50,0.9997673709209645,5.848091842136985e-05
3.51,0.999775946653009,5.619775676832142e-05
3.52,0.9997842266007053,5.3998865564524766e-05
3.53,0.9997922201665194,5.1881334205820286e-05
3.54,0.9997999364839927,4.98423447627956e-05
3.55,0.9998073844243643,4.787916932372737e-05
3.56,0.9998145726030667,4.5989167405561496e-05
3.57,0.9998215093860952,4.416978342658775e-05
3.58,0.9998282028962541,4.241854424424777e-05
3.59,0.9998346610192799,4.0733056753487046e-05
3.60,0.9998408914098424,3.9111005546582926e-05
3.61,0.9998469014974263,3.755015063164487e-05
3.62,0.9998526984920926,3.6048325209367144e-05
3.63,0.9998582893901242,3.460343350788423e-05
3.64,0.9998636809795542,3.3213448672398315e-05
3.65,0.9998688798455795,3.187641070929949e-05
3.66,0.9998738923758616,3.059042448616772e-05
3.67,0.9998787247657146,2.9353657779200223e-05
3.68,0.9998833830231846,2.8164339379111467e-05
3.69,0.9998878729740177,2.702075724048586e-05
3.70,0.9998922002665226,2.5921256684336422e-05
3.71,0.999896370376326,2.4864238647350346e-05
3.72,0.999900388611024,2.384815797857833e-05
3.73,0.9999042601147311,2.2871521782335158e-05
3.74,0.9999079898725259,2.193288780434101e-05
3.75,0.9999115827147992,2.1030862864390297e-05
3.76,0.999915043321502,2.016410133136499e-05
3.77,0.9999183762262973,1.9331303637241037e-05
3.78,0.9999215858206164,1.8531214837550598e-05
3.79,0.9999246763576213,1.776262320664861e-05
3.80,0.9999276519560749,1.7024358876134842e-05
3.81,0.9999305166041201,1.6315292507698437e-05
3.82,0.9999332741629703,1.5634334008017038e-05
3.83,0.9999359283705112,1.4980431276151506e-05
3.84,0.9999384828448168,1.4352568987332267e-05
3.85,0.999940941087581,1.3749767412942133e-05
3.86,0.9999433064874658,1.3171081274799363e-05
3.87,0.9999455823233663,1.2615598627596685e-05
3.88,0.9999477717675982,1.2082439781353895e-05
3.89,0.9999498778890038,1.1570756248015625e-05
3.90,0.9999519036559824,1.1079729724172656e-05
3.91,0.9999538519394437,1.0608571099658887e-05
3.92,0.9999557255156879,1.015651949902026e-05
3.93,0.9999575270692113,9.722841347825081e-06
3.94,0.9999592591954415,9.306829468796242e-06
3.95,0.9999609244034022,8.907802205047698e-06
3.96,0.999962525118309,8.525102569032481e-06
3.97,0.9999640636840972,8.158097416330237e-06
3.98,0.999965542365885,7.806176646087826e-06
3.99,0.9999669633523706,7.468752424308816e-06
